,class,filename,height,width,xmax,xmin,ymax,ymin
0,dwars_bevestiging,12168.jpg,1040,1050,389,158,948,570
1,dwars_bevestiging,12168.jpg,1040,1050,1050,951,944,578
2,dwars_bevestiging,1599.jpg,1040,1050,391,175,941,536
3,dwars_bevestiging,11689.jpg,1040,1050,423,190,948,556
4,dwars_bevestiging,11689.jpg,1040,1050,1050,970,955,586
5,dwars_bevestiging,10008.jpg,1040,1050,584,369,937,527
6,dwars_bevestiging,10496.jpg,1040,1050,476,271,843,559
7,dwars_bevestiging,2150.jpg,1040,1050,795,578,885,471
8,dwars_bevestiging,10495.jpg,1040,1050,432,226,842,557
9,dwars_bevestiging,10495.jpg,1040,1050,1050,1021,843,571
10,dwars_bevestiging,11007.jpg,1040,1050,609,375,933,553
11,dwars_bevestiging,11239.jpg,1040,1050,420,188,932,561
12,dwars_bevestiging,11239.jpg,1040,1050,1050,974,937,581
13,dwars_bevestiging,11388.jpg,1040,1050,674,458,938,537
14,dwars_bevestiging,10717.jpg,1040,1050,392,156,940,560
15,dwars_bevestiging,10717.jpg,1040,1050,1050,949,943,586
16,dwars_bevestiging,11386.jpg,1040,1050,567,351,940,531
17,dwars_bevestiging,11387.jpg,1040,1050,625,410,941,545
18,dwars_bevestiging,11383.jpg,1040,1050,552,338,942,548
19,dwars_bevestiging,11382.jpg,1040,1050,497,278,936,542
20,dwars_bevestiging,10263.jpg,1040,1050,504,294,960,565
21,dwars_bevestiging,10713.jpg,1040,1050,264,30,947,572
22,dwars_bevestiging,10713.jpg,1040,1050,1031,799,941,557
23,dwars_bevestiging,11008.jpg,1040,1050,685,447,928,553
24,dwars_bevestiging,10712.jpg,1040,1050,231,1,952,569
25,dwars_bevestiging,10712.jpg,1040,1050,1013,782,947,571
26,dwars_bevestiging,10262.jpg,1040,1050,458,244,949,547
27,dwars_bevestiging,1632.jpg,1040,1050,355,139,954,542
28,dwars_bevestiging,1632.jpg,1040,1050,1050,934,952,542
29,dwars_bevestiging,10013.jpg,1040,1050,691,475,936,533
30,dwars_bevestiging,1593.jpg,1040,1050,486,282,841,556
31,dwars_bevestiging,11244.jpg,1040,1050,581,351,951,574
32,dwars_bevestiging,1631.jpg,1040,1050,298,84,952,541
33,dwars_bevestiging,1631.jpg,1040,1050,1050,887,953,546
34,dwars_bevestiging,11694.jpg,1040,1050,560,330,948,548
35,dwars_bevestiging,1594.jpg,1040,1050,591,381,840,555
36,dwars_bevestiging,10014.jpg,1040,1050,742,527,936,534
37,dwars_bevestiging,1637.jpg,1040,1050,440,221,950,536
38,dwars_bevestiging,1637.jpg,1040,1050,1050,1017,942,631
39,dwars_bevestiging,12172.jpg,1040,1050,604,375,936,559
